{"cameraMode":{"drawMode":0,"name":"Shaded","section":"Shading Mode"},"sceneLighting":true,"audioPlay":false,"sceneViewState":{"showFog":true,"showMaterialUpdate":false,"showSkybox":true,"showFlares":true,"showImageEffects":true,"showParticleSystems":true},"in2DMode":false,"pivot":{"x":2.777777910232544,"y":-3.125,"z":-0.019999966025352479},"rotation":{"x":-0.13613054156303407,"y":-0.060296591371297839,"z":0.008300963789224625,"w":-0.9888196587562561},"size":2.0172393321990969,"orthographic":false}